,Month,customers
0,Apr-2011,408733.11100000003
1,Aug-2011,497194.91
2,Dec-2010,496477.33999999997
3,Dec-2011,471381.82
4,Feb-2011,354618.19999999995
5,Jan-2011,440876.32999999996
6,Jul-2011,484545.591
7,Jun-2011,523775.58999999997
8,Mar-2011,465784.19
9,May-2011,550359.35
10,Nov-2011,975251.39
11,Oct-2011,821220.1299999999
12,Sep-2011,794806.692
